barcode,max-gene
GAGCGGGTAGGGGATAGCCT,CDCA4*
CTCAACTACGAAATCATAGA,SEC16A*
AAGACGCCTTGATTCATTCA,DIDO1*
TCCAGACTTTATCTGCCTGA,KIF3A
ACTAGACCAGCACAAGGTGT,DLG1
CCGATTCCGTTACCTAATGG,FBXO46*
CTAGATGAATATATGCATGG,ACLY
GTCACTGACATAGAACGTGG,EIF5A*
AGAAACCTACAACTCATGGA,WIPF2
GAGAGTTATCTAGATGTAGG,AC106791.1*
TGGCACGGCCATTGTAAAGA,MLF2*
CATTCCGAAAACCAGAGCTA,SPECC1L~SPECC1L-ADORA2A
GTGACGCGGATGATGTCCGA,EEF1D
CGAATGGCCGTCTTACTTAT,ITGB4*
AATGGCTCTAATGAAGATAG,DIDO1
AGAAACCCCATATAGCAATG,RBMS2*
GGGAGCCTGTGGTCACCGAA,SF3A1
AGAACAGCTGGCTAGACTAG,SRRM2*
AATCGGCAGGAGTTCCCATG,SEC16A*
CATCATCTTCAGGAGGAGGA,PRNP*
TTCAATCAAAAGCCTTACCC,PLEKHA5
TACACAAATGCTCGAATTGG,PUM1
AGTCAAAGACTCATACCAAG,IP6K2*
AGTAGCGCGCAGACCCGCTG,TRIP11
GCTCAGACACCTATTACCAG,OSBP*
GACAACTCGTGGATGCTCCG,TP53BP1
TACACTCAGGCAGTAGAACA,P3H2
AAATGGAGTTAGGCTCGCGC,AC006064.6~CHD4
TGGTACTTCAGAGACAAGCA,CSNK1D*
AGAGACCACCTATCACACGC,PAFAH1B1
TAAACTTGGACCACAACAGG,FBLIM1
GCTGAACTCAGATGTCGAGA,BNC1*
GAATTGGATGGCTTTGAGCG,MYH10
CATCCGTCCAGATAACATGT,MSN
ACCAGTATCCATCAGAACAG,GNB1
CATGCGCTTTCGTCACAGTG,FIP1L1~AC058822.1
AGGGGTCTTAATGATCCGCG,SPTAN1
TTGAAGTACTACCTGTATCG,UBE2K
TGACGAGCAGCGAACAGCCA,ERC1
AGGATTCATAGAGAGTACCT,ELOC
TCAGCAAGATGGGATCAGAG,AP2B1
TATGACAGAATGCGACGAGG,EIF5A*
AACAGGCATTCCGGAAACGG,CANX*
GCTCCACACTAAATCCGCAG,LSM12
TGAACCGAAAGCGAGAACGT,RANGAP1
AGAACCACAACTGTCAACAT,TMBIM1*
CATGGCTGATCTTCTGTTTC,RACGAP1
AGCCCGCTTCAGGATAGACA,SND1*
CTTTCCCACATACCAACAGA,PTPN1
GAGCCGTGCATAGACTGCTG,PTPN1
TTGCAGATGCTCTAAAGACT,PRNP
AAGAAGTCCAAGAACAAACG,AKAP12*
CAGGTGAGTGTCCCAGCCCG,AKAP12*
TCTTGGCTTCAATTAACACG,PKM*
CAGGCTGCGAGTACACGTTG,HSP90AA1
TGTGGCATTACAGTCCATGA,TXN*
GGTAATCAGATAATGGTGGA,ASAP2*
CAGCCGAATAGAGCGGACTG,NUMA1
CTCACCAACAATATCAAGCT,ITGB4*
GTCCATGACTGTGACTCACA,SEPTIN2
TGAACTTGTCCAAATTGGTG,PTGES3*
GAAACCGATCGACCGCGAGA,CLIC4
AAGGCAGAGGACCATTACTG,TPTEP2-CSNK1E~TPTEP2*
GCTCCTGGTCTGGTACAATG,GNB1
CAAGTTCCACCAGCACGCGG,NUF2*
TGTCTCCACAGATTTACACA,SAP30BP*
CTTACCTTGAGAACGCGCAG,USP10
GATGCTGAGTGGCATTCCTG,ARPP19
GAAAATCCCTGAAAATGCGA,CORO1C
CTGCTGGGAGTTCGACACAG,DDX6
GAGAACCTCGGAACATACGG,NT5C2*
TTATGCACAGAAGTATGGCA,PPP3R1~AC017083.3
TATCCCGGAGCACCTTACGA,G3BP1
CGACACTAAGAAACATCTAG,TUBA1C
TCCCAGAAAGGGTACAGGAG,CRYBG2
AAGATGAACAGGAAAACAAA,PARD6B*
GAAGGCTGACAAGCTCCATG,RACGAP1*
GCTGCGAGCTCAGTCAGGAG,MOB3A*
CCGGGAGACTCATGAGATCG,RHOA
TTCCTGAAGAGCTAAAACCG,SERPINF1*
TCCACCGAATTTCTCCTGGC,IP6K1
AGCGGCGACACGACAGACAT,CS~AC073896.1
GCTCACCAGAGTAATATCTC,RCOR3*
CCATCATTCACACGAACTGG,SF3B2*
TCTTATATGCAACAGATAGG,DLG1*
AATGCACCAAGCACAGACCA,IP6K2
ATCTGACGACCAGGCTACAT,MYH9
CAGTAACCCTCATCCGAGGA,SPTAN1
TAGAAAGGGAGCTGCTCCGG,UGT2B7
TTAGGAGAAATGCAGACAAG,CANX
CCTTCCACACCAGCGAAAGA,SUMO2
TGGTGGACGAGGAGTCACAG,MED26~AC008764.1~AC008764.4
CTCCAAGCCCAAGAGGAGAT,RBMS2
AAGAGCTACGAGCTGCCTGA,TXN*
TGGATGGAAAAGCGACACCG,RAPH1
GTCCATTACATAGCATAAGG,STIP1*
GGTGCAAGGGCGGAACAGCG,AL031708.1~JPT2
GGAAGATAATCACTCCGACG,OXSR1
CCGAAGAGTCCTCAGAACGA,EEA1*
ATAGGAACTGGAATCAGGCA,TPM4*
AGATTCCCAATGTAGAACGG,TPM3*
GGCTAACAAGGACTGCCCTG,EDF1
AGACAGAATGATCCGATGGG,KHDC4
GTTGCAGCCTCGGAAAATTG,SERINC2
TTCTCTGGTCATTCCTACAC,GPHN
GCCTCCGGAGAGGAGGACCG,CPNE1~AL109827.1~RBM12
GAGAATAGATGACTCAAAGG,STIP1
CTTACTTCGGATATGGGACT,ITGB3BP
CACTACGACAGTGAGAAAGG,ENO1*
TGCACCAACTACACACACAG,SAP30BP*
GCTACGCTCTTTGCGACCGT,RPS18
CTGTCTTGGAACATCAACCA,CLK1*
AACATTAGTTATACCCACTG,GDI2*
TAGAAGACGTCAAACTCCCA,CDC42-IT1~CDC42*
GAACTCCCTGCCAGATATCG,TP63
AGGAGCTAAGCGTCATCGCA,URI1
CTGGGCTCCATAAGCTAGTG,CAP1*
ACCTATGGCAAATCCAAACT,GPATCH8
AGTGCATAGTTACTACCCTG,SLC16A12*
CAGACCCGTACAAAGTGTAC,ZBTB1*
CGGCGTCTAGCTCGGCGTGG,CDK6*
AATTTGCCACAGGAAACGAC,ERRFI1
ATATTTCTTCAGCATTAACG,ACTN4*
CCGACACGCCGGACTCCACG,CAPRIN2
TGGTCTTGTCAGCTGCCATG,ITGB1*
CGGACAGGTTCAACTGCCGA,CLIC4
ACTTACCGGAGGTCATTCGG,KIF1B
GCCGTCGGACGACACCCGAG,ACLY
AGACTGGGCAACTTCCTCGC,AC034102.2~PA2G4
AGTGAACTCAGCTAGTGTGG,GNB1
AGACTGGGTAACTTCCTCGC,AC034102.2~PA2G4
GACACCTGGATGCTGCTCAG,EZR
GCTGGGTTGATCCTCTGACC,ZYX
AGACACGTGGAGCTGGGCGA,AP3D1
AAGGCAGACTCGTCGAAGAG,CTNND1*
AAGGACGACAAGCCCATCCG,TBC1D5
CAAGAAGAGAAAGTGCACGC,YWHAB
TACCGCTGTATCACTTGTGA,FAM200A*
CGATACAGAGAAGATTAGCA,UBE2L3
CCAATCTCAGGCCCGAACCC,PALM2-AKAP2
GTCCATCAAGACTAGCAGCG,THRAP3
GGGAAAAGGGAACTCACAAG,KIFC1
GAACATTGGCTATGTCATAG,MXRA7
CCACATCGACCAGCGCAAAG,CAPZA1
CAGCTCCAGTGAGACCGACA,SPTAN1
TATACACCAATGTCGGTCCG,RANBP2*
AAAGGACGGCGATTACCTAA,LYN
CCAAGCATCAACACCATGAG,FAM114A2
AGCTAGGCAAGACAGTTCTG,PPP1R13L*
GAAGTGCTCAGAGAGGTGGA,RNF145
CTTATGCCTAGTAAGTTGTG,CAB39*
GTACGAGTAGTTGGACTCGT,CERT1*
TATCCCCAATGGATAGGCCA,ZBED5-AS1*
GTAAGGCGACGACAGGATGT,KHDC4
AGTGTTTCAGCATAACAGGT,TPD52L2
GTGGTGAATCAATGTCCAGG,APBB2*
ACCATATACAGTTTCTCCAT,RAB7A
GTTCAGTTCCAATTACCCAG,LSM12
CGGAATCCTATGGTTCAACA,SF1
ATACTCGGTGATCCGCTGAT,NFYA
CCAAGGCTACAACTTTGCCG,STIP1
GGAGCCACATCTGCTAGGCA,MED27
CCGGGCTGTGCAACAAGTGT,HDLBP
CCGCGGGACTTACGCTCTCG,TMX2-CTNND1~AP001931.1~CTNND1
CATCGCTGATAATAACCGAA,REEP3*
CGATCATGTTTGAATACTTG,STK4
AAGCCCGAGCCAGATAAAGT,TLN1
ACAGCAATGTACACTCGTGG,CLTC
TTTCTGCAGATAAGGAAAAG,THRAP3
CTCCGAGCTCTCGGACAAAG,MAX
GGCACCATTGAGTACATGCG,DBN1
GCTGCATCAGCTGCTCGCTG,SNAPC4*
TAGTCGAATGGCTAAACCAG,MAP4*
ACGGAGACCCTCACGCGCCG,STIP1
CGACGTGGCCGATACACCCG,TMX2-CTNND1~AP001931.1~CTNND1
TAATGTGATTGAAATGCCTG,CD2AP
CTCATCTACGAGGAGACCCG,EEA1
GGAGACATGTCAATACACCA,AL034417.2
GGAATGTAGCAAATACTGGG,PFDN2
CTGAAAACAACATCATGCAG,GIGYF2*
TCTTAGCCCTGAAAACAATC,AC092844.1*
GGCAGTAGAACAGCTCGATG,AC023509.1~PCBP2*
ATTATAAATACCGGCCCCGG,MACF1*
AGGCACATCAGAGATGACAC,BNC1
GCAGCTCGGGAGCGCTTCTG,IP6K2
CGCGGAGCCATACTAACCAC,PTPN1
TTGGAACACAGTATAGCACC,GPATCH8
CGGTCAGGACATTGGAACGA,MTPN*
GAACATCGACTTCAGCAACG,EEA1
AGAAGTTGCCTCAGGTTACG,PUM1
TGTTCCGAGGGAGAATATGG,RPL22~AL031847.2*
CATGGACACCAGCTGGTCGT,FDFT1
GGGACGCCCAGCGATACAAG,CSE1L*
GGAGTGTAAAGCATCTTGGG,NAP1L4*
GGGCTGCATCTGCACCAATG,CNN2
CGTGGTGGCGCGGATCCTAG,ACTN4
AGTCCTCACTGGTGGACACG,AL031708.1~JPT2
AAGCGGTGGGCTGCGCTCAG,AL136115.2~PTP4A2
AAACCCAACCCTGATAAGGA,CTNNB1
ATTGCCGTTACAGACCAGAA,EIF4B
CATATACACCAGAATACCGG,CDCA4*
CCACCCGCCACGCCCGAGCA,CANX*
AGGGTTTGCAGAAACAACCC,RNPS1*
TATTAAGTGCTGATCTACGA,LUZP1*
TGCAAGACGAATTTGACTAC,DDX6*
AATAGAGGCTGGACTAATCG,IP6K2
CCGGGAGACTCATGAGGTCG,UBR4
TCGCCAACTAAAACAGCAGT,SPTAN1
TCCAATGGGTAGCCATGAGG,LSM12
CCTGAATGTGCACTACATTG,TMBIM6
CAATGGTACAGAAATCACCC,ITCH
GACGGACATTATCCTCACCT,ESYT1*
GCTGCGAGTGGCTCATGTAG,TBK1
CGAAATTGAGCATTACATCG,MRPL14
TGAAGTGCTTGATATCACAG,SERPINF1
TCCGTGTGCTAAGCGGTGCG,NHSL1
AGACAGAATGATCCGATGAG,KHDC4
GACTGGAAAGTCTATTGTGA,ACLY
GCTGGAGCTAATATCCCAGC,DDX3X*
GTATATCAAGAGCCACTACA,GGNBP1
GTGTCCCGGCGACTCCGCCA,NOSIP
GTCTCAAGGGACGTGCTGGG,TLN1
CGAATGTCATAACGACCACG,KIF20B*
AAGGGATGAAGTGTGACCAA,CPNE1~AL109827.1~RBM12
GGCGATACTCAGAGCAGAAG,IP6K2
ACTTACAGCAGACAACCTCG,CLIP1*
TTCAAACAAAGAGGCCGCGG,PTBP1
TTGCACATCACTTACGAGAG,RPL13
TGTGGTAGGAGTAAAACGGA,NPLOC4
AGCAAGAAAACACCATGCTG,CSNK1E~TPTEP2-CSNK1E
TATGGGAAGGATGTTCACAG,AC087762.1
CAGCAGAACTCTCACGACCA,PTBP1
GCCGAGACCAACGACACCAA,MROH1
CATCAACCCATACTGCAGGT,GPATCH8
GCAGCAGATGCACCCAACAG,GPATCH8*
ACAGTAGAAGAAATACGTTG,SCAF4*
GGGGTCGGGACAGCACAATG,CLK4*
AGAAAAGCATGGGTACAACA,HNRNPD*
CAGCATCCGCTTCTCAACCA,RNF4
TGCATCGACGGACAGCCATG,YBX3
AAGATTCTCCATGGGACGAG,SPTAN1
GAGCCCATGATGCTCGACTG,SPTAN1*
CGATGCCTATTACTGCACTG,ITGB4*
CCTGGTCATGTGCCACACGA,CCNH
TGCTCTTATAACAACTCGGT,P4HA1
CCATGTTCGGGACAGTCCGA,AL596247.1~VCL
CGAATGGCCGCCTTACTTAT,ITGB4
TGTCCCCATGGCGGTCCTGG,CLIP1
GCCGCCGCCTACAACTTGGG,SEPTIN2
TTAGATGGATTATCAGCATG,RBMS2
AAAGGCAAACGCGAGGCCGA,SLC25A37
TGGTGTCAAATCATACACTG,ETS1
TCAGCATTGCTTGTCCTGAG,FAF2
AGCCAGGGAGAAATCCACCC,CELF1*
AAGTAGTAGCCGAACGTCTG,SLC2A1
TCTTGATGTAAAGTTAGCCC,DLG1
AAAGTTGACGACACCTCTCA,CSNK2A1
GGAGGACCATCGGATAAAGG,ACSL3
AAAAGTTCTCGACCGTCGAG,STMN1*
TTACCCCAGAACCAGACGGA,DDX6*
CCTCAAGTAGGTTTAAGAGG,ITCH*
TCAGAACTTCTGTTGAACTG,RHOA*
TACAACAGATCGTGTAATGA,SPTAN1
ACCAGTATCTGATTTGTCAG,ILF3
GCATGAGATGGGGAACCCGA,LUZP1
AAGGAAAGTGACCAAGCATG,SAP30BP*
CATGGCTGATCTTCTGTTCC,RACGAP1
GAGGAACCGACCTGTCGATG,HNRNPC*
AGAGGAGTCCCATCACATGT,ARHGEF2
AGGACGACGCCTTCGAGCAG,GTF2I
TTTACCGATAGCAGCCATCG,GNB1
AAGAGGAAAGGGTTCAGCGA,EEF1D
AAGCAGAGAGATCTCTCGGA,PC
CTGTAATAAGTGGCATCACG,KRT6A
TAGGATAATGGCGACAGCTG,KPNA4
TTGGAGGTATACACAAGCGG,ZC3H7A*
GAAGTCCTGTCTAACCTGCA,LAMC2*
CGGTCTCAGTAGTTCACCAG,TOP2A
GCAGCATGCACACACAACTC,SFPQ
TGCTATGTACACAAACCAGG,PC
ATATACCATCGCTGTAAAGG,TANK
TTACAGTCAGAAAAGCCACG,ITCH
GGATTCCTGCGAAATTACGA,YTHDF3*
GACAGTTACGCGCACATGAA,CTNNB1*
CTTCTTACTATCCCATAAAG,TBCE~TBCE
CGGGCATGACCATAGGCGTG,CLTC
AATCTAATTGACGTCCGTAG,SPTAN1
CATGAAGAGTAGGCGAGCCG,AL355987.2~RABL6*
CAGCACCCGCTTCTCAACCA,RNF4*
TGTAAACACTGTCTGCAGTG,BCAP29*
CAGGAGAAGAATCGAACCCT,TPX2*
GCTTTATATTGACAACATCG,HMGA2
AAGAGTTCGACATAGTCAAG,PLS3
GCTGATAGGTCGAGACACTG,ZNF562*
GGTCAGCACACGCTGCACAG,C12orf29
AAGAATAGCCAACCATGATG,LINC01322*
TCAGCTCGGGAGCGCTTCTG,IP6K2
GGCATCTCGGGGATACCTAG,RLIM
GCAGCCTCTGAAAAGAATCG,AADACP1
ATACCGCCCCGATAGTGGAG,DLG1
CCAGGTTCTCATTACTGCCA,SMARCE1~AC073508.2
CAGGCCACTTAATCGACCAA,U2SURP
GAGCGCTGCTCAGATAGCGA,STIP1
TGGAGAACGTGAAGGAGATG,EIF3B
CTCATCATCGCTGAGCACCG,PITPNB
AAGACAAGTTCTCGAACCTG,ILF3
AGGCAAGTCGATCGAGCTTG,IQGAP1
ATTGCCAGCAGATTTAGAGA,KLC1~AL139300.1
CTTTCCACAGACCGAGACAT,SRRM2
GATGATGGCAAACAACCCAG,ACTN4*
GCCTACCCAAGCACCAGTCG,LDLR*
GGAGATTGCCAAGGTCACCG,PC
AACAAGAGCTTAGTGAGCCA,CHTOP
GAGCCACCCGCCCGACAAGT,THRAP3
CCGTTCGTTTGTGACCCACG,IGF2BP2
TGGTAATGAGTAGCTGCCAA,CELF1*
CCTTACTCTCTCCATGTCAG,TXLNA
AAGGGTGTAGTCTTTACACG,PHF8*
TAAAAGAGTAGATGAGTGTG,AC087762.1
CAAGTGCAAGAGACAGCGGC,GNB1
ACACTCGGACCGTCATTGCC,CTNNA1
ACCTACCATAGACTTTATAT,SZRD1
GAGTTCACCAAGGAGTCTCA,SAP30BP
ATGCCTTTCAGATATAATGG,RANBP10
GAAATAGGAAGGCCACTCCT,TNFRSF10B
TTGACCATAATTATGCTCAG,ZMYND8*
TGCTTACCCCATAACTTGTG,AC234772.2~MIR222HG
CTTTGACTTGTGCATCCATG,PTBP1
TCATCTTATTGACGGCTAGG,ZNF121
CACTAAGGAAGTCCTCAACG,PCM1
GTGTATGGCTGAGAAGACGC,ERC1
GCACCTGCGACACGGCGTCG,PRRC2B*
CCACCCGGCCCGTACCTCGA,MAP4
GGTCTCCATGATGATCAACT,HNRNPM
TCATTGTAGAAAGCAAACTG,ERC1*
AGAAGCTATTACCATCTGAA,RPS5
CGGACACTTTAACCCCGAGG,XPO7
CCAACCGCCTGACCATCCAA,MIR100HG
CTCGCCATCTATAGATACAC,AL158152.1
TGAACGAGAAGAACGTGTGA,KTN1
TTAGTTAGTTGATACTACTG,NAP1L4*
ACGCTTCATCAATGTTGGGA,ZGPAT~AL121845.3
AGGCCGAGGACAGTTCAGCG,THRAP3
GCACTGTTATCAGACTGGCT,SEPTIN2*
TCCCTGGAGACATGTACGCG,THRAP3
GAGGGACGAGAATGTGAACG,AP1G1
CCGGCCCGTACACACCCGCC,ACIN1
GCTGGATGTCACATTGCTCG,UBAP2L
CTGGACGCACCTTAGCCACG,DNAJC5
ACAGATAACGAGTCCTCCGG,YTHDF2
ACAAAAGATAATCCCCAAAG,ZFX
TCCTGAATTCAGACAGCACG,EIF2AK2
CCACACATTCATCTATCACA,CTNNB1
CCGGCCGCGACTCACGGAGT,EEF2*
GGTGTCGAATAAGCACTGAA,TNFRSF10B*
CCCGGTATGATGCAGCCGAG,PTK2
GCACTAGGTGAACGTATTGG,SLC16A3*
AGGCGCCAGAGGGGTCCTTG,HGS
GAAGCTAGGCTTGTAGAATG,OGDH
TATTCCAGGAAGAGCAACCG,PTBP1*
ATGTAGCCCTCCTGTCAAAG,DLG1
GGAATCAATACTAATCACAC,LARP4B
TACGCAGTCAGTCTCCTTGG,SF3A2
TGTTAAAGGAGGAACTGTAG,DDX5
TTCCTGAACAGCTAAAACCG,SERPINF1
GGGATCAGACAGTTAAACTG,LSM12*
GCTGTGAAAAGAAATCATAG,UBAP2L
GAGGGTGACGGTGATAAGAA,JPT2
CACCTGAAGATCCAAAACTG,ZNF121
TACCGATCACCGTACCCACA,UBAP2L
GGAAGATCTCATCCCCACCG,HNRNPC*
AACAACGAATGCCGGGACGT,USP10*
TCCGGTTGGCAGCCTCAGAG,CRKL
TGGTTCTGCCAGCAAACGCT,CENPE*
CCTTCCCCGGGGAAAATCAG,HNRNPLL*
CACCACTCGGCCTTTCACTG,CNBP
ATGTGTACCTGATCATCCAA,ZNF791
AGCAGCAACAGTTCTACTCG,ANKRD11
CTGGGAGATCCATGTCAGAG,SF3A2
AAGGCCGAGGATAAGGAGGT,SLK*
AAAGTAGTACATATCGACTC,EIF4A1~AC016876.2~SENP3-EIF4A1
AATACAATGAGAACATCACT,TP63
GTAGACAGCACAATTTCCAG,SEPTIN2*
CCCACATATCAGGCTACTAG,STAU1
GATGAGTGAATTCAAGAGAT,AL109615.3
GCGACCACCCAACCGAGCAG,KCNJ15
ACACCATCCAAATAGCGCAG,RACGAP1
CTGAGCCGACCGATGCAGAG,THRAP3
TGAACAGTACAGCTGCTACG,GATAD2B
AGCAACCAGCAACCTTACTC,XRCC6
CAAGATGCTAGACCTGCTAG,BCAR3
CAACTTCAAGCCCATCAGAG,BICRA~AC010519.1
GCCCACCTCACCCGCACACT,ACTN4
CACCTGAACAGGCTCCACTG,NOSIP
CTGGCAGCCCCCCTTTGCTG,CNTN5*
TAACTGTTGTAAAGTGCCCG,DNAJC5
TCTGACAGCTTAAGACTCGG,FXR2*
ACCACTCTCTCTACGCATAG,ITSN1
TTGCAGTTGACCAGAAGAGC,FADS2
TCCCGTCAGAACATGGACCC,AC034102.2~PA2G4
GGCGGAGGCTCGGATAGCGG,SRRM2
ATACCCATCCAATCAATCCG,TP63
CTCACCTGGGACCCAGCAGA,SKA2
GTCATGATGATCAAACGCCC,GPI
GGCCGTAGCCGGACGCAAAG,KIFC1
AGGAACAGGCACCTGAGTTG,NT5C2
CGAGAACAACCCTACTGTCA,YWHAG
AGAAAACGATCAAACCCCAC,AKAP12
TTTCTATTGGCCGATTGCAA,HDX
TAGTCTAGAGTGCTGTCCAG,AMOTL1
GTCGACGGGCTCTTTGCACG,SAP30BP
CCCAACTGGCCCCAGTACAA,MYH9
CAATTACATTATAGCCATCA,AC087762.1
GTGCCGTAGCCACTGCACAT,TRIOBP
AAGTTCATAAGTGTTAAGAG,TTBK2
CCCCAGGATGCATTATCCCG,SF3A2*
GAGAGCAGTAGGTAGCGAAG,PLEC
AACTGAACAAGAATTAAAGG,PTPN1
CAACATGAGACTGGAAAAGA,DDX6
GAGAATGACGACCAGAACCT,KIF18B*
GGGCTACTACAAGTCTGACA,NDST1
CAGACGCCTTGATTCATTCA,DIDO1
GCGGCGGCGGAAGACCCCGT,MRTFA
ATGTGAAAGGTACTCCTGTG,MRPL33~BABAM2
TGAAAGCCAAGCATCACGCA,NPLOC4
GAGACTGCTGTAGTAACAGA,THRAP3
CTCCTCGCGGGTAACTTGCG,JUP
AGCAGCTGAGGCACTCCCAG,TXN
ACTTCCATCTGCCTTACCGG,TOP2A
AGTGACAGAAGACTCGGGCA,IPO7
AAGGACTGAGACCCAGCTAA,LYN
AGCTGGGTAAGAGCTTCACG,PLIN3
TACAGGAATCTAGTTGCACT,MYH9
CAGACTCAAGGTCTCCACAA,KDM4A~AL451062.3
CATGCAATGAATTCTACACC,AC092844.1
GAAGAGGAACGTGGAATCTG,ZNF675*
GCCCTGGGACTCCGTCGGAG,RAP1B
CTGTGTGAGATGGTCAAGCA,BCAP29
GTAAGGGAAGTGGCTGTCGG,SF3A2
AGCCAGATTTCAGCGCATGA,CAPRIN1
TCGGAATGGATCCATCATGG,CDC42*
AACGGCTCCAATGAGGACCG,TNFRSF10B
AAGTTGTGAGCTCTTAGTAA,MYH10
TCTGAGGATGCCATAGACCG,PC
CTTACCACAGAAACAAGTGT,RHOA
ATAAAGTCCACAGCTAGCGT,SC5D
TCTTCACCCACCAATCCTGG,ERC1
ACTCCGATAGTCCATAGCAA,KIFC1
TGTATGTCGACGATGCCTCG,PUM1*
CATACGGCATGTTTGATGAG,CAPRIN1
GCGTCCATCTGATTGGTGGG,CDC42*
GGGACGCGCGGAGGACGCAC,DIDO1*
GTCATGGTGATCAAACGCCC,GPI
AAAAGCCTGCAGAGACAACG,ARHGEF2
GTTGGTCAGTCAATGAGACT,RBMS2
GTATCCTCTTCAGCACACAA,SOX6
CCCTACACATGTGAAGATCG,NAP1L4
TCATCACCAAGTTCGCATGT,PPP1R10
GCTCTCGGACGGGAGGAACG,TBC1D22A
CGAGAAGAGAAAGTGCACGC,YWHAB
GAACCATATGAAACTAGCCA,SCYL1
GGCCTACGACGACAAGAACG,LSM12
GGCGACCTTTACCGATGGAG,MTDH
GGAAGAAAAGTGAACGGACA,RACGAP1
CTACAGGGGAAACCCGAATG,LSM12
CCTTGTTGCACTTCACACAG,PTPN1
AACAGCATGAGAACTTGACA,FRMD6
AATGAACTGAGTAACTTGAG,GRB2
AGGTGCGAAGTGACGCAGAG,SF3A2
TCTTGCAGATCATCTCATCG,PALM2-AKAP2
GCGCCACAGTCAAGGACACG,AP1B1*
GATGCTTTGATTTATATGCA,EEF1D
TGTGCCCTCACAGCTAGATG,FAM83H
CAAGGCCAGCCCATTCAGCG,GCN1
GATGACATAGTGGTGAATCA,SUMO2
AAGCGCTTTGTGAATGAAGA,AKAP12
GCAAGTACAGCCAGTCCCGG,MATR3~MATR3
AGGCAGATTTGAGGACCCGG,AC023509.1~PCBP2
AAGGCAACCAGGTAATCAGA,KLF12
CTAACCTGCCCCTAGTAAGG,AC023509.1~PCBP2
GCAGACGTTACCCAGGAGTG,KBTBD3
TTGACCATAATTAAGCTCAG,ZMYND8
GCATGAGCAATTCCATGTTG,AC093690.1
ATGCGTACCATCAGGAGACA,MPRIP
CAACGAGAATCGATATACTG,ILF3
TGTGGCATTGCAGTCCATGA,TXN
TTCAAACCGTACTCATGGAG,AC023509.1~PCBP2
CAAAGACAAGGAATTCCTTG,PUF60
ACAATAAGATTACTCTTCCT,KIFC1
TGTCATGGGTCGAAAACTTG,EEF1D
CAAGGCGCACGCTTTCTCGG,FXR2
GTAGAGATTGATGCTCACAT,CAST*
GCATCAGCGTGTCATACACG,TLN1
ACGTAGGCCTTGCCGCACGT,GLO1
CCGCAAGTTCGGCGACCAGG,SEPTIN2
ACTGGAATCAACAACAATCG,EWSR1
GACCGTGTTAGTTAGATGCT,JUP
ATGCATCTAGTAACCAACAG,FAM200A
AGACCACGACGAGATGACGG,GPI
GTAAACCATGTCTCCCTCGG,TRAF2
GCTTTGCAGATAGAATATGA,TRIM28
GGTAGGGCTTCTGTGCCGCG,TNFRSF10B
CAAACTTGTAAGCCAAGCCG,DDX17
ATCCCAGCTCCAGTTACGGT,FRMPD4
CCTGCACGCGCACCTCAGGT,ITGB4
CGAAGCCCATAACGCCAAGG,GLO1
GCATCAACAACAGGTGGCCC,EML6
CGATCGCAAAGACACACTGG,RELCH
GCGGAGACAAGGTTGGCTAA,FLII*
CGAATGGCCGTCTTACTCAT,ITGB4
TTTCCTCCAACTCGGAACGT,EEF2
GAAGATTACACGCCTACGGT,SRRM2
GGGGGTCGATGTGTTACACC,UBE2K
CTGCCGGCTCAAACGCTGTG,SAP30BP
TTGTTTCTCATAGGCTGAAG,STK24
GAGGCCAGTGAGTGATCAAG,PTBP1
ATGCATCACACCTTGCACGA,ZNF217
CCTGGGGTCTCCCTACCCGG,MYO1B
AGCCCGCTTCAGGATAGACG,SND1
ATTGCCGTTACAGACCAGGA,EIF4B
CGATGCCTATTACTGCTCTG,ITGB4
GAATCCTCTTATGAATAACG,LINC02742
GCTTCTTCTGTATCGGTACG,SLC16A1
AGAGTCCACCCAGCATAGGG,CLIP1
TCTTGGCTTCAGTTAACACG,PKM
CCTCGCTGCAAGTAAAGATG,USP10
CAGATAAAGTTACAATGCTG,GPATCH8
GTTTCTGATTTAATAGACAT,SLC38A1
GGGCACTGCCCGATACAGCA,PUM1
GATGTGGTAAAGGGCGTGCG,PTBP1
GAAATTGTTTAAAGACCCGT,EIF4G1
CCTGGTAATCCAGCATCAGT,SNORA58B~UBAP2L
CGGGTCCTCGAACTCAACGA,EZR
TCTGTTTCATCTCAGCACAG,EEF1G~AP002990.1
AATGTTATATCATGGAACCC,CORO1C
GACAAACAATGACTTGTACC,RDX
TAGGTTCTGACATTTGCCGA,AC093512.2~ALDOA
CCGCGGGAAGTAGCCACCCG,VPS37B~AC027290.2
TAAGGTCACTCCCAGCGATA,NCOA5
CGAATGGCCGTCTTACTTGT,ITGB4
TTGGAGACATGCTGGCACGA,GPATCH8
CAACATTGAAGATCGGACAC,SPTAN1*
CTCCTCGCGGGTAACCTGCG,JUP
GTGATGAAGTACTTACATGA,DNAAF5
ACGTGCGCTTCCTGAACGAG,PLEKHG3
CCAGGTCGAGCAGCGAGTAG,GNB1*
CTGAAGGATAGGCATTGTAA,SEC16A*
AGCCGCCCCTCAGTGCTACG,SNRNP70*
AGAACAGCTTGCTAGACTAG,SRRM2*
GCTTTGAGATCCCGGCGCAG,FOSL1*
AGATCAGCTGGCTAGACTAG,SRRM2
TGATGAGATCACGATCACGG,AC093512.2~ALDOA*
TTTCTGACAGTAAGGTCCAG,CAB39*
TCTACACCGGCTCTTACAGG,UBAP2*
ACGACACCTTCGACCTGAAG,ACTN4*
AGAACAGCTGGCTAGACCAG,SRRM2*
AACCTGGGATCGAACCACAG,VPS37B~AC027290.2
AGAACAGCTGGCTAGACTGG,SRRM2
TAGCGTGATCCGACACACTG,CNN2*
AGATTCGCCATCATATGGGA,TOP2A
CATCTCGAAGCATTCCAGCG,RNF213
AGTGCTGAAATCCTGGATGT,MIDN
AGAAGAGCACTCCAGCGACC,HSPA9
TGAGTGGCAAAATATCACCA,DLG3
GTTTAGCAAGGGTTGGAGAA,GIGYF2
AACATTTGTTATACCCACTG,GDI2
AAGGTGTGAGGACTGCCTAA,CAB39
AGTTTCTCCAGTAAACTTCG,PSPC1
GCAACATCAGAATACTATGG,GNB1*
ATAGGACCATGTATCTTCAG,VCL
TGAGGGCAAAGAGAAGCCAG,SUPT3H
CGGGCGCGTAGGGCGCGTAG,CELF1*
AGAACAGCTGGCTAGTCTAG,SRRM2
CAGGTTCTAAACGAAGCCGT,ADAMTSL1*
CACCGCCTCATGCACTGTGT,SEC16A
GTTTAGCAAGGGTTGAAGAA,GIGYF2*
TGTGATGAACACATGGAGCT,CARD10*
AAAGCCAACAAGTTAGACCA,MOB3A*
AAGGCGAAGAACCTCAACGG,BACH1*
GGCTGGGGCAGCGCTCCTAG,CPNE1~AL109827.1~RBM12
CAAGAGTGATTACAATCTGG,SEC16A
CGCATCTCAAGGGTATCAGG,SRRM2*
AGTACAGCTGGCTAGACTAG,SRRM2
GCCGCTGGTGATGACAAGAA,CNN2*
TAGCCGCAATGTGCTACACA,UBE2J2*
TATGCCCTGTACTTACAGTG,HNRNPR*
TGAACAGCTGGCTAGACTAG,SRRM2
GTTTGGATTAGCAAGATGAC,PARD3*
TACTTACCGCATTGAAATTG,CELF1*
GGGGTGTAGAACACAACCGG,ILF3*
AGAACAGCAGGCTAGACTAG,SRRM2
TGCATCCATATGCACAGTGG,RHOA*
ACGACACCTTCGACCTTAAG,ACTN4
CAAGGCCGCACAGGAACAGG,FLYWCH1*
ATCTCTGGCCTTGTAAACGG,SEC16A*
TTCTACCACGACAACCGGCA,DCUN1D1*
CCAGTGTTGCAATAATCTCA,SINHCAF
TTCACCCCAACCAGTAACAA,GRB2*
CACTAATCAGAACGGATCCA,G3BP2
AGCAAGCAACAGATTGCACG,GRB2
GTGGTATTTCAAGACAAACT,UBR4*
GCAGCAGGCGGCGAGCAAGA,PTBP1
AGAATAGCTGGCTAGACTAG,SRRM2
TGAACATCGATGTCGCCACG,GNB1
GAGCATCTCAGAGCGCCGGG,SPTAN1
AACATTAGTTATACCCGCTG,GDI2
CCAGCTTGATGTGTCCTGTG,GNB1*
TGCTTGTTGGGTCGAACTTG,SND1
AATACTAATGATCCAGGCGT,STIP1*
AGAGCAGCTGGCTAGACTAG,SRRM2*
TGTTGTTGTAGGTCATTCAG,PPP2R2A
AAAACAGCTGGCTAGACTAG,SRRM2
AGAACAGCTGGCTGGACTAG,SRRM2
TTATACAAGAAAAGTCACAT,MYH9*
AAAACTGAAGCAATTAATGG,EIF4G1*
CGGACAGGTACAACTGCCGA,CLIC4
CAGTATGAGATCTTTCATGT,FAF2*
CACAGTGATCCACTGCGAAG,LSM12
GGATTCCTATGTGGGCGACG,PPP1R13L
GGTGGAGTCGCGCGTTACCC,PRRC2B*
GAGATACTAGGATTGACCGA,FAM83H*
TGCCGTCAGAAAGTGCTCAG,EEF1D
AGAACAACTGGCTAGACTAG,SRRM2
ACTGGTGTAATTGTAGCGTG,IMMP1L
GAGGACACACTTCTCGCCCA,MYH9
GGCAGATCCAGTCCCAACCA,EEF1D*
CTGGGGCACCCGCTTCAGAG,EEF1D
TGCAGAGCGTGGGAAAACAC,MYH9*
GAAAGCCTTTAGCAATCGGA,DBN1
CTCATTTCCCGGAAACATTG,GRB2*
AGAACCCCATCCTTAGCCAG,GCN1*
AGAACAGCTGGCTTGACTAG,SRRM2
GCATGTCTCTTCATATTGCA,HNRNPC*
GGACCACCTATGGACTATAG,AC023509.1~PCBP2*
GGACATGCGCCTGTGGCACG,RRP7BP
GCTTGAGCCTCCTTACCCAG,SNRNP70
TTTGAGAGGAGCGATGACCT,AC016705.2
AAATGAGTACCTACCTGTCG,REPS1
TGACATCAGACAAATAGACC,AP002370.2*
TAGCCACCTGGGCATTGGCA,WDR4
GGACGAACAATAGCTGATGT,ITSN1
CCAAATCTGATACTTCGAGG,GNB1
CGGGAGCCGGAATTACCCTG,ZFX*
AGAACAGCTGGCCAGACTAG,SRRM2
AGAACAGCTGGCTAAACTAG,SRRM2
CGAATCGGCCCATGATGTAG,CAPZA1
TGATGAGATCGCGATCACGG,AC093512.2~ALDOA
CTCTAGGAGGAGCTCTGCGG,HNRNPC
CCTCTACGAACACATTGTAG,SNRNP70
ATGGCAAGGGTACACTGTGA,MYH9
GGTACGACTAGGTACAGGCG,IPO7
CCCCAAACCCAAACTCGAGG,NOSIP
GGAACAGCTGGCTAGACTAG,SRRM2
AGATGGAATAGCTCTCCTTG,FKBP3
TTAACCATAATTATGCTCAG,ZMYND8
GCCGGCTTCAACCAGGACCA,UBE2O
AGAACAGCTGGATAGACTAG,SRRM2
AACCGTGTTAGTTAGATGCT,JUP
GAGGACGCCATGGACGACAA,S100A16
AGAACGGCTGGCTAGACTAG,SRRM2
AGAACTTGGAGATTTCAGGG,SRRM2
GATAAGCATCATTCCCTAGG,TFRC
AACAATGGAAGACTCAGAGA,TMOD3
GGCAGTAGAGCAGCTCGATG,AC023509.1~PCBP2
CGAGGACACGATCAAAATTG,SLC35F3
TAGTAGGCCAGGTACACTCA,RPS5
GACAGGACCCAGCTTAAGGG,LUZP1
CTGACAGAGAACGAGATCCG,ACTN1
GGAGAATGAGGTGCGAACAA,SEC16A
AGGCTCCAGGAATGTCCGCG,ARFGAP1
AGTCAGAGACTCATACCAAG,IP6K2
GGAGGTCGATGTGTTACACC,UBE2K
CGTGCTGATGGTCATCAGAT,ZSCAN10
AAGCGAAAGAACAGGACTAG,VPS37B~AC027290.2
TGTGTCCGTCTACAGATGTG,DBN1
CTCTGTTGCCTACAAGAATG,RPAP3
ACCATATGACCAGTCCACGT,KLC1~AL139300.1
TGAGTGTCAGGCCTTACCCA,AC092844.1
CCTACCCATACATTGTACCG,SCMH1
ACACAAACAGCTTCTCACCA,CANX
ACGCGACGAGATCCGCGCCA,SLC12A1
AAAGGAAACTAGTGTTTCAA,EEF1D
CGAGGCTACTGAGAACCCAG,ATXN2L
TGACGTTCTGGAAGGATGAG,SLC12A1
CGAGCTCACTTGAAACGAAC,STIP1
AGAACAGCCGGCTAGACTAG,SRRM2
TAAAGCAAGGCAATTACCTG,CALD1
CGAAAATCTCACGTGCTTCG,USP10
GCTTTGTTCACAGCCCATGG,SPCS2*
GCCACATTCTTCACAAACGT,SIAH1
CCGAAATGTTGAGTGTGGTG,SNHG32~AL671762.1
TTCTCAAATCAGAACTACCC,FBLIM1
CAACAGTGAATGGCTTGGAG,AC023509.1~PCBP2
TGTAGTTCTCAATCCCGGCG,PPP1CC
CAAGAAGCCACCAATTGCAC,MATR3~MATR3
TGGTGAGATCACGATCACGG,AC093512.2~ALDOA
AGAGATAGAGACCTGGGTGA,TRIOBP
AGAGGTTCAGCATGGCCGCG,ARMH3
GGAAGTCATCAGCAGCCAGA,GJC1
TGAGGTACCTTTGGATGACG,B3GNT5
AGCTCTGCTCACACTCAGGG,NPDC1~AL807752.6*
CGCCTACCAGTGCATCCGAG,SEPTIN2
CTAAACAACTCCAGATTAGG,SON
TCTGCACTCCTTCAACATCG,EEA1
GTTCTGCGCGACAACATTCA,XRCC5
AGAACAGCTGGCTAGACTTG,SRRM2
ACATTTGAGATGGCATTCCG,CNN2
TTGCCACCTAGAGTAACCAA,HNRNPC*
CATCAATACATCATCCATGG,RGS20
GAGAGCAGTAGGTAGTGAAG,PLEC
TGAATGTGTTACGTGATCCA,SRRM2
TTGCAGCCAATGAAGAGAAT,SET
TGCATCAAGAAGTCCACCAA,LUZP1*
TCATAGTATCGAGGAGTATG,PI4KA
TGGATATGAGTGCTAGACGG,MICB
AGGACAGCTGGCTAGACTAG,SRRM2
ATTTCGGCCTGAACTACCTA,CNN2
CTCTTGGAGAGAAGGCCGCG,SPTAN1
CCTCAACATGGTAGGAAGGG,XPO7
CATGGACGCCAGCTGGTCGT,FDFT1
CTGTGGGTATTGATGAACAT,PDZD4
TGCATCCATATGCACAGAGG,RHOA
TGTGATGGACACATGGAGCT,CARD10
ACCCGTGAAGAACTTCATGA,EEF2
AGAACATGCAGCCACGAACT,EEF1D
AAGCAGCATTCTCTTGTGAT,RPL8
AACTACCCAAGAGATCACTC,SSC5D
TATGTGGATTCGAGACCATG,SRRM2
GCTGAACTCAGATGTCGAGG,BNC1
GCAAACATTCCATAGGCGAT,PRCC
ATCCCGAACCTGCATTCTGA,TACC3
ACTATATTGACAGTTCACTA,STIP1
AGCCCGCTTCAGGATAGGCA,SND1
TGATGAGATCACGATTACGG,AC093512.2~ALDOA
GCAAACCTTACACTGGGTGT,LUZP1
CCGGCAGCATAGAGTACGAC,EEF2
GCTGCAGCGTCACCATTGAG,SRRM2
AGTATGGGATCACGTCACCA,MYH9
ACAATGAGGACAGCTCTGCG,ARHGEF12
TAGAGCAGTCACTCCAGCCG,CELF1
CCAATTCCGTTACCTAATGG,FBXO46
GCTGCCGTAATAGACTGACG,CNN2
CATGATCATCAGTGTGAATG,ZSCAN10
CACGCTGTAGCGCCGCAATG,UBAP2L
CAGATATTACAGGAAATGAC,SPTAN1
GACCAGCGAAGACATACTGC,PDZD4
AAGGTGAACAGGAAAACAAA,PARD6B
GACCGTCCTCGCCTCCCAGG,SRRM2
GAGAGCAGTAAGTAGCGAAG,PLEC
ACTGGAGGGGCATTTAGCCA,CNN2
GTTCCAAGAGAAATCGGCCA,SRRM2
GGGGCGAGCGGCGGGACTAG,SRRM2
TGAACACCATCATGCAGCTG,AC092844.1
GCACTGTTATCAGACTGGCC,SEPTIN2
